{
  "project_info": {
    "project_number": "576854332765",
    "project_id": "moneyjars-main",
    "storage_bucket": "moneyjars-main.appspot.com"
  },
  "client": [
    {
      "client_info": {
        "mobilesdk_app_id": "1:576854332765:android:4930700a0cd395bfd4c4b4",
        "android_client_info": {
          "package_name": "com.example.moneyjars"
        }
      },
      "oauth_client": [
        {
          "client_id": "576854332765-4p7dq6q2b09kfa46bn3auar0p6533vs1.apps.googleusercontent.com",
          "client_type": 3
        }
      ],
      "api_key": [
        {
          "current_key": "AIzaSyCc5EvCQGcVENv547hEIRUu4_yr9OhbQnw"
        }
      ],
      "services": {
        "appinvite_service": {
          "other_platform_oauth_client": [
            {
              "client_id": "576854332765-4p7dq6q2b09kfa46bn3auar0p6533vs1.apps.googleusercontent.com",
              "client_type": 3
            }
          ]
        }
      }
    }
  ],
  "configuration_version": "1"
}